GEOID,HD01_VD01,HD01_VD02,HD01_VD03,HD01_VD06,HD01_VD07,HD01_VD10,HD01_VD11,HD01_VD14,HD01_VD15,HD01_VD18,HD01_VD19,HD01_VD22,HD01_VD23,HD01_VD24,HD01_VD25,HD01_VD28,HD01_VD29,HD01_VD32,HD01_VD33,HD01_VD36,HD01_VD37,HD01_VD40,HD01_VD41,HD01_VD44,HD01_VD45,HD01_VD46
42101000100,2187,641,65,65,20,20,28,28,83,60,435,36,10,1546,216,216,63,63,215,181,193,141,774,24,0,85
42101000200,995,418,13,0,88,39,57,0,0,0,250,31,10,577,160,118,58,28,120,80,64,27,169,20,6,0
42101000300,1735,431,8,8,13,13,27,15,55,0,328,65,0,1304,217,149,92,75,168,87,166,97,599,63,48,14
42101000401,1707,519,45,37,42,42,39,39,31,10,357,16,5,1188,422,326,221,171,68,34,152,88,258,8,31,36
42101000402,2391,1481,364,281,220,90,104,14,141,9,577,29,75,910,96,96,104,74,74,51,195,138,310,51,19,112
42101000500,795,30,4,4,0,0,0,0,0,0,22,0,4,765,211,179,94,50,63,37,188,66,150,6,48,11
42101000600,666,13,0,0,0,0,0,0,0,0,13,0,0,653,97,97,44,44,39,39,115,70,306,18,52,0
42101000700,2101,520,72,72,64,0,54,10,24,0,280,0,26,1581,438,377,227,183,132,53,180,89,478,39,104,22
42101000801,962,241,0,0,0,0,28,14,33,33,180,84,0,721,99,99,73,38,101,94,96,19,352,30,0,0
42101000803,2498,978,98,98,56,56,92,61,93,15,639,171,0,1520,146,146,367,318,240,122,275,87,317,0,61,114
42101000804,2557,642,63,63,0,0,96,24,61,61,422,145,0,1915,157,157,107,37,212,181,303,205,1099,70,25,12
42101000901,1320,46,4,4,13,0,0,0,8,8,21,0,0,1274,270,251,254,254,251,170,283,37,110,19,97,9
42101000902,1306,189,0,0,0,0,10,0,31,11,143,0,5,1117,460,302,70,29,125,105,139,76,301,33,17,5
42101001001,1430,867,52,52,39,39,65,22,132,23,579,59,0,563,82,82,25,25,39,39,84,34,274,0,35,24
42101001002,1816,1053,81,72,47,40,85,19,106,26,734,141,0,763,58,58,68,54,43,31,137,14,407,22,0,50
42101001101,1738,492,34,27,53,53,12,12,17,17,376,51,0,1246,336,253,135,94,92,24,291,0,367,41,8,17
42101001102,1455,513,37,37,26,26,37,37,51,26,362,0,0,942,253,218,119,119,103,70,207,61,224,36,36,0
42101001201,2037,1011,7,7,66,31,11,0,71,33,856,81,0,1026,6,6,54,54,193,112,177,35,465,28,53,78
42101001202,2970,875,43,43,15,15,53,24,84,11,680,180,0,2095,264,264,196,196,417,253,513,197,638,37,37,30
42101001300,2413,1476,166,93,104,52,94,69,235,117,826,17,51,937,176,176,201,162,33,33,118,10,364,0,0,45
42101001400,2043,900,13,13,60,60,28,9,99,61,700,62,0,1143,258,211,315,189,137,101,177,44,231,9,0,25
42101001500,1342,711,30,30,92,56,10,0,82,33,478,6,19,631,134,134,63,63,71,62,176,43,172,9,15,0
42101001600,1011,466,29,29,31,17,39,31,97,70,270,64,0,545,47,47,47,47,80,49,189,45,159,20,15,8
42101001700,1379,808,35,35,14,7,53,20,126,31,562,16,18,571,39,39,43,30,6,6,132,18,342,10,0,9
42101001800,1370,756,77,60,75,34,57,0,63,11,484,33,0,614,92,72,76,36,71,48,174,27,201,18,0,0
42101001900,1307,651,77,69,23,8,42,32,165,41,344,36,0,656,134,134,106,86,108,54,151,24,147,0,0,10
42101002000,882,466,121,54,141,37,34,17,96,4,74,0,0,416,145,145,108,66,50,10,33,6,80,0,0,0
42101002100,884,472,143,105,42,13,67,9,119,19,101,0,0,412,57,57,147,111,46,19,61,0,78,0,0,23
42101002200,1047,454,84,84,78,43,11,0,96,18,172,11,13,593,255,236,94,76,100,49,30,0,92,0,11,11
42101002300,1204,629,76,70,108,37,60,32,113,15,272,6,0,575,120,86,137,126,132,52,111,27,67,0,0,8
42101002400,2105,1021,80,62,130,41,170,105,100,33,541,48,0,1084,186,114,274,183,147,65,213,28,253,0,0,11
42101002500,1636,747,71,71,87,65,61,35,91,38,437,19,0,889,203,114,294,136,84,44,97,39,147,15,0,64
42101002701,1431,636,98,87,177,46,35,28,73,7,253,5,0,795,173,142,166,40,134,68,170,11,126,0,0,26
42101002702,1653,1179,139,108,142,59,98,5,251,44,534,0,15,474,99,99,70,65,65,30,95,32,75,0,18,52
42101002801,1486,704,208,133,98,70,84,11,111,0,203,9,0,782,163,163,216,156,79,28,121,0,140,0,0,63
42101002802,2201,1425,202,148,230,40,104,0,397,43,492,23,0,776,251,251,191,121,101,40,79,0,107,0,0,47
42101002900,1956,1101,182,136,83,20,127,13,127,14,570,47,12,855,106,106,184,153,230,78,147,0,160,0,28,0
42101003001,1574,900,139,93,213,151,149,48,157,57,230,0,12,674,87,87,223,167,149,69,97,16,67,0,7,44
42101003002,1253,679,189,108,146,68,46,10,53,19,219,0,26,574,260,232,98,54,72,41,41,0,67,0,0,36
42101003100,1766,879,318,170,170,68,107,0,76,0,155,0,53,887,353,282,270,248,73,18,107,0,8,0,49,27
42101003200,1789,1019,364,240,242,139,102,9,181,0,111,0,19,770,416,407,75,44,90,75,55,0,81,0,0,53
42101003300,2365,1055,271,187,219,99,179,0,244,0,142,0,0,1310,598,598,319,260,236,84,49,0,20,0,11,77
42101003600,2687,921,204,139,288,183,155,57,113,10,161,0,0,1766,1111,663,335,63,77,59,87,0,17,0,52,87
42101003701,1981,1111,331,268,222,111,215,122,199,33,134,0,10,870,139,139,107,92,202,120,212,0,87,0,101,22
42101003702,1373,890,155,137,183,113,122,6,238,15,157,0,35,483,66,66,110,60,146,55,21,0,45,0,30,65
42101003800,1555,1267,177,149,212,85,171,77,153,74,554,11,0,288,46,46,48,48,44,35,94,10,16,0,0,40
42101003901,2559,1425,293,169,292,85,178,93,304,12,358,0,0,1134,371,334,243,121,118,0,155,0,192,0,0,55
42101003902,2314,1965,237,212,264,120,226,32,455,82,762,0,21,349,114,114,92,92,11,0,41,0,77,0,0,14
42101004001,1847,1229,154,111,213,107,117,38,267,61,447,20,31,618,175,175,138,91,123,65,74,0,97,0,11,0
42101004002,2067,1725,179,104,381,166,289,155,312,127,564,0,0,342,43,35,51,31,112,74,37,0,31,0,0,68
42101004101,2137,1090,221,201,274,98,217,56,180,15,167,0,31,1047,402,377,250,230,163,77,129,0,54,0,0,49
42101004102,2667,1431,210,210,460,317,169,9,234,21,331,19,27,1236,461,461,187,178,142,60,134,24,196,0,13,103
42101004201,1977,1540,228,150,318,63,251,29,279,37,444,0,20,437,132,59,54,20,75,75,31,14,86,0,0,59
42101004202,1771,1380,359,268,194,110,146,34,375,31,298,36,8,391,99,99,57,57,59,9,82,0,56,0,0,38
42101005000,0,0,0,0,0,0,0,0,0,0,0,0,0,0,0,0,0,0,0,0,0,0,0,0,0,0
42101005400,682,212,44,44,7,7,29,10,31,0,90,17,11,470,84,84,70,46,75,43,137,13,82,0,0,22
42101005500,2417,1647,231,231,305,193,245,106,385,137,432,0,49,770,110,110,148,148,198,76,190,18,94,0,30,0
42101005600,540,97,6,6,19,0,25,0,11,0,36,0,0,443,246,119,56,36,23,4,74,36,30,0,14,0
42101006000,2448,1552,298,282,372,124,250,55,178,59,429,11,25,896,363,335,184,80,136,17,54,0,95,0,52,12
42101006100,1158,775,110,92,241,172,93,18,209,31,113,8,9,383,152,152,47,29,80,47,45,11,17,0,27,15
42101006200,1409,843,242,233,164,115,234,96,77,8,126,0,0,566,122,113,176,176,72,49,130,37,20,0,30,16
42101006300,1337,394,42,42,79,31,66,9,153,12,54,8,0,943,448,435,222,155,79,37,20,20,100,0,64,10
42101006400,1271,790,165,147,143,84,94,23,258,56,123,0,7,481,127,127,180,117,65,24,44,10,20,0,28,17
42101006500,1712,918,284,216,231,86,136,6,59,0,183,0,25,794,312,312,177,166,113,33,113,0,0,0,34,45
42101006600,1306,457,127,108,98,36,70,0,73,0,63,0,26,849,383,266,150,115,89,0,78,7,79,0,46,24
42101006700,2301,1100,302,259,188,124,230,116,231,47,95,0,54,1201,492,464,203,122,202,150,160,0,19,0,71,54
42101006900,946,303,89,38,58,30,57,27,32,0,37,0,30,643,353,126,181,110,12,0,45,0,21,0,31,0
42101007000,1531,851,301,228,165,64,135,0,95,0,128,0,27,680,267,267,218,118,89,8,36,0,32,0,0,38
42101007101,971,574,85,78,114,8,221,118,98,0,56,0,0,397,155,134,89,64,23,2,56,0,0,0,20,54
42101007102,1841,1084,266,230,361,142,189,5,121,8,138,0,9,757,318,318,158,100,99,12,104,0,0,0,20,58
42101007200,1600,1017,402,343,117,52,194,36,179,26,125,0,0,583,259,251,148,24,52,24,40,0,9,0,34,41
42101007300,1172,503,120,99,80,16,154,8,68,0,81,0,0,669,377,296,143,143,84,18,8,0,40,0,0,17
42101007400,1698,857,323,247,126,47,57,9,119,9,188,0,44,841,387,353,206,155,65,33,31,0,31,0,29,92
42101007700,691,120,10,5,14,14,31,0,14,4,51,5,0,571,206,206,114,101,51,12,74,0,39,0,87,0
42101007800,1878,417,10,10,25,16,9,9,102,8,271,87,0,1461,322,312,434,312,118,67,238,0,256,0,11,82
42101007900,2074,765,12,12,81,46,67,52,89,34,516,45,0,1309,318,318,446,333,251,91,127,12,124,0,43,0
42101008000,1506,778,142,111,144,70,103,17,187,24,187,0,15,728,361,338,149,125,98,27,90,0,30,6,0,0
42101008101,1019,478,157,92,89,51,39,31,115,0,78,0,0,541,181,152,87,87,49,0,128,0,42,0,29,25
42101008102,1847,1240,213,140,362,207,191,0,266,18,151,0,57,607,185,156,197,175,39,0,58,0,117,0,0,11
42101008200,2614,1949,494,419,176,72,570,119,364,105,324,0,21,665,265,265,91,77,210,71,28,0,71,0,0,0
42101008301,1742,882,187,154,162,96,220,92,144,19,152,0,17,860,380,277,252,200,103,28,26,14,67,0,32,0
42101008302,1589,838,152,100,141,11,213,87,173,10,98,0,61,751,254,205,180,142,126,67,51,0,47,0,73,20
42101008400,1723,974,268,217,237,86,140,17,209,0,93,0,27,749,313,283,174,167,48,24,65,0,63,0,32,54
42101008500,2454,1181,308,231,177,56,282,48,211,0,203,0,0,1273,326,300,355,235,161,58,116,6,109,0,109,97
42101008601,1377,422,98,80,33,24,11,11,44,26,236,25,0,955,270,201,244,161,140,37,115,35,150,1,36,0
42101008602,1101,209,69,69,29,0,0,0,0,0,111,0,0,892,314,137,139,45,125,107,110,0,91,0,82,31
42101008701,1939,284,27,14,39,39,35,35,39,19,144,27,0,1655,405,391,253,186,199,96,304,45,205,51,267,22
42101008702,1315,169,0,0,0,0,0,0,12,0,157,34,0,1146,260,236,222,183,150,33,109,22,113,0,292,0
42101008801,154,0,0,0,0,0,0,0,0,0,0,0,0,154,72,72,31,3,0,0,11,0,17,0,18,5
42101008802,1351,77,0,0,21,21,17,17,8,0,31,0,0,1274,419,402,234,187,28,23,113,21,31,0,437,12
42101009000,1031,83,8,8,19,0,15,8,9,9,32,0,0,948,265,265,181,175,55,25,79,12,47,13,321,0
42101009100,1331,257,6,6,48,48,107,16,20,7,76,7,0,1074,551,405,156,109,73,17,110,9,53,0,110,21
42101009200,1202,334,77,61,43,27,54,13,106,32,54,0,0,868,416,320,100,38,137,32,56,0,57,0,94,8
42101009300,1609,812,249,163,135,42,93,29,203,10,121,0,11,797,398,380,130,114,97,22,111,0,0,0,53,8
42101009400,1812,546,172,117,120,9,54,0,60,0,84,0,56,1266,734,546,198,152,141,24,58,0,22,0,65,48
42101009500,1335,792,361,320,97,42,152,40,83,0,54,0,45,543,276,268,116,45,0,0,101,0,0,0,10,40
42101009600,1622,758,272,136,119,41,92,9,150,0,109,0,16,864,351,324,179,179,109,0,46,30,76,0,55,48
42101009801,938,475,68,66,74,27,107,53,80,6,141,0,5,463,116,116,106,95,91,84,67,6,35,0,34,14
42101009802,2013,1561,162,162,329,271,202,109,386,21,482,0,0,452,71,71,31,31,45,45,130,36,83,0,92,0
42101010000,1667,984,149,140,170,126,147,85,235,65,186,0,97,683,251,251,167,146,92,44,103,0,31,0,29,10
42101010100,2186,1260,376,236,204,37,211,64,210,0,214,0,45,926,379,291,263,146,38,0,121,0,67,0,18,40
42101010200,1238,573,321,291,115,36,5,0,28,0,77,0,27,665,376,332,103,67,13,0,46,12,0,0,19,108
42101010300,889,365,88,61,118,12,32,6,37,0,90,0,0,524,207,190,151,124,27,0,44,0,51,0,0,44
42101010400,1192,529,200,131,151,32,91,36,18,0,69,0,0,663,196,164,65,46,89,0,153,10,86,0,68,6
42101010500,1469,453,107,87,103,34,84,21,52,0,92,7,15,1016,533,259,204,128,78,48,106,0,5,0,59,31
42101010600,507,159,65,47,25,5,27,0,17,0,0,0,25,348,235,213,25,8,35,9,10,0,19,0,14,10
42101010700,1198,373,128,69,54,0,75,15,74,0,8,0,34,825,383,373,197,159,58,20,64,19,12,0,103,8
42101010800,1450,515,214,147,121,36,39,21,90,0,30,0,21,935,527,474,171,159,62,9,71,0,0,0,78,26
42101010900,753,201,37,37,7,0,41,0,25,0,85,10,6,552,219,117,125,63,50,25,17,3,11,3,85,45
42101011000,1363,407,124,97,53,13,59,15,48,0,80,0,43,956,532,480,201,167,53,21,49,0,75,0,23,23
42101011100,1334,613,256,172,90,32,92,8,92,0,63,0,20,721,350,317,160,111,45,6,34,0,30,0,102,0
42101011200,2006,1306,410,321,265,116,154,24,228,29,164,0,85,700,360,297,155,85,40,9,50,0,15,0,0,80
42101011300,1113,726,150,131,183,24,152,9,95,0,114,0,32,387,114,114,48,32,39,7,80,0,0,0,25,81
42101011400,2795,1663,246,172,244,204,236,100,340,0,530,31,67,1132,630,536,19,0,221,68,168,0,30,0,0,64
42101011500,1609,1228,72,62,290,156,199,133,261,54,390,21,16,381,127,127,100,85,58,41,16,0,45,0,35,0
42101011700,337,273,2,2,10,10,39,18,81,15,123,7,18,64,28,28,10,4,0,0,0,0,0,0,26,0
42101011800,2218,1582,246,234,346,135,211,68,240,27,500,0,39,636,69,0,72,72,100,45,164,48,34,0,35,162
42101011900,2101,1148,308,308,231,58,199,58,143,15,214,0,53,953,257,239,260,221,172,55,86,0,22,0,108,48
42101012000,689,305,20,16,22,14,35,13,65,5,163,17,0,384,91,91,66,66,74,55,60,0,24,0,64,5
42101012100,1216,432,105,105,62,15,37,5,64,24,164,8,0,784,306,229,166,166,116,95,60,27,52,0,42,42
42101012201,2106,0,0,0,0,0,0,0,0,0,0,0,0,2106,923,684,225,197,128,100,185,19,309,0,296,40
42101012203,644,11,0,0,0,0,0,0,0,0,0,0,11,633,247,247,111,93,110,20,61,13,72,0,32,0
42101012204,1797,936,200,200,69,40,160,80,128,9,358,37,21,861,282,197,147,83,69,20,173,32,78,0,69,43
42101012500,2912,393,31,22,0,0,53,21,34,0,275,32,0,2519,319,283,321,287,278,207,533,340,938,47,92,38
42101013100,694,218,13,13,29,27,15,8,11,6,150,12,0,476,167,82,120,67,77,21,53,12,53,0,0,6
42101013200,985,211,34,34,37,24,13,13,60,4,67,0,0,774,454,270,63,24,174,125,54,0,5,0,4,20
42101013300,1482,237,0,0,18,18,11,0,55,14,153,16,0,1245,282,282,199,199,196,97,222,55,292,20,38,16
42101013401,1449,904,120,120,65,56,111,54,89,51,519,66,0,545,27,27,51,43,68,43,93,0,289,25,0,17
42101013402,1424,561,0,0,67,25,24,0,53,37,417,29,0,863,158,128,115,105,88,54,164,64,310,0,0,28
42101013500,1397,705,80,37,31,17,92,18,118,69,378,25,6,692,106,79,131,115,204,81,140,37,111,15,0,0
42101013601,1326,956,41,41,35,16,42,0,156,59,673,45,9,370,22,22,34,34,20,20,87,32,190,0,0,17
42101013602,1801,1087,68,68,97,43,40,23,175,23,707,56,0,714,140,140,77,59,75,67,173,20,218,0,0,31
42101013700,1840,1034,313,243,167,64,120,14,108,0,287,23,39,806,240,240,236,104,133,62,18,14,113,0,0,66
42101013800,845,302,116,72,62,8,6,0,51,10,64,0,3,543,228,141,86,57,48,45,90,0,56,0,9,26
42101013900,1112,132,58,58,0,0,9,9,11,11,54,0,0,980,582,361,95,28,44,12,63,0,104,0,62,30
42101014000,1121,235,41,41,14,0,28,12,67,0,73,0,12,886,388,327,190,107,67,7,49,8,75,0,60,57
42101014100,925,174,50,50,0,0,33,22,35,16,56,0,0,751,427,257,161,69,63,22,42,0,11,0,10,37
42101014200,1930,708,68,48,40,11,88,18,96,48,416,10,0,1222,96,96,71,71,121,88,286,110,609,76,29,10
42101014300,722,502,55,49,86,45,38,6,90,12,233,8,0,220,43,43,27,21,64,3,52,20,27,11,0,7
42101014400,1149,533,150,89,33,17,29,8,171,63,150,6,0,616,216,124,86,56,100,74,80,5,103,0,0,31
42101014500,641,217,22,22,21,13,36,24,92,22,46,0,0,424,240,183,41,3,57,6,50,0,9,0,10,17
42101014600,976,505,119,74,93,29,113,9,74,16,106,0,0,471,281,222,61,33,92,0,20,0,0,0,11,6
42101014700,877,223,7,7,13,0,61,0,68,0,69,1,5,654,403,384,68,51,30,0,2,0,38,0,107,6
42101014800,407,111,12,0,24,0,18,3,28,7,29,0,0,296,214,93,23,5,9,4,12,0,6,0,22,10
42101014900,1625,576,179,131,108,6,116,28,46,0,127,0,0,1049,381,337,169,120,163,44,116,0,27,0,136,57
42101015101,814,275,73,59,69,48,33,0,62,0,38,0,0,539,231,215,98,36,42,12,47,0,23,0,33,65
42101015102,1660,488,197,121,86,47,85,0,59,0,39,0,22,1172,664,432,149,63,123,0,18,0,9,0,92,117
42101015200,1894,554,152,133,150,33,87,29,32,0,79,0,54,1340,864,706,260,125,104,66,0,0,23,0,40,49
42101015300,1043,287,94,70,113,69,10,0,41,13,29,0,0,756,466,416,109,40,49,0,36,11,17,0,53,26
42101015600,601,268,123,72,25,5,25,0,31,11,56,0,8,333,145,134,44,44,20,8,44,11,60,0,15,5
42101015700,921,425,114,78,65,37,52,0,68,17,126,0,0,496,96,91,130,104,132,12,25,5,73,0,12,28
42101015800,2586,1688,295,229,149,29,177,26,359,78,678,45,30,898,299,245,91,40,102,13,190,30,143,0,44,29
42101016000,2562,1721,287,230,289,104,230,57,359,11,482,0,74,841,199,167,126,73,147,136,93,0,250,0,0,26
42101016100,1796,909,361,243,177,58,82,10,105,8,184,12,0,887,402,393,70,55,104,19,186,0,34,0,21,70
42101016200,731,299,128,86,44,0,70,38,34,5,23,0,0,432,218,212,62,47,88,7,26,0,0,0,0,38
42101016300,1138,392,190,120,101,32,41,0,28,0,18,0,14,746,448,448,76,71,31,31,52,0,6,0,14,119
42101016400,1437,485,210,76,129,14,37,0,63,0,46,0,0,952,496,450,90,78,89,36,55,0,18,0,149,55
42101016500,914,293,141,99,54,0,63,0,5,0,30,0,0,621,397,196,135,57,15,0,38,0,13,0,0,23
42101016600,587,170,47,29,35,5,45,7,0,0,27,0,16,417,188,127,114,37,32,25,0,0,0,0,12,71
42101016701,1071,597,201,124,86,17,112,7,71,0,92,0,35,474,247,247,52,43,0,0,19,0,45,0,47,64
42101016702,1170,592,186,121,148,27,36,0,99,10,65,0,58,578,242,234,95,73,102,24,47,0,0,0,76,16
42101016800,1480,743,207,154,145,30,112,0,107,0,161,0,11,737,276,252,134,100,88,0,38,0,64,0,19,118
42101016901,1238,645,246,152,135,54,40,0,92,0,124,0,8,593,195,140,195,195,74,5,16,0,7,0,0,106
42101016902,2104,853,377,224,147,10,103,0,104,0,122,9,0,1251,528,511,306,139,179,78,83,0,30,0,63,62
42101017000,1307,493,158,93,77,51,37,0,119,0,87,0,15,814,279,167,138,107,81,0,92,41,127,0,84,13
42101017100,1514,1111,384,243,200,39,222,0,174,30,101,0,30,403,147,141,31,31,43,16,86,0,19,0,20,57
42101017201,1184,720,279,180,229,96,97,13,23,0,70,0,22,464,252,252,102,102,66,44,25,0,0,0,0,19
42101017202,1434,804,322,242,86,26,226,33,131,0,16,0,23,630,237,224,168,104,85,5,11,0,0,0,63,66
42101017300,1196,650,305,205,168,61,18,0,112,0,47,0,0,546,215,215,125,83,43,0,0,0,57,0,0,106
42101017400,867,485,180,112,57,19,72,17,121,0,17,0,38,382,226,211,84,51,57,0,6,0,0,0,0,9
42101017500,2254,1058,470,261,169,35,216,16,52,0,88,0,63,1196,606,593,310,230,49,0,67,54,35,0,34,95
42101017601,1883,931,433,198,165,0,52,30,155,30,75,0,51,952,472,437,184,133,117,21,0,0,38,0,114,27
42101017602,1278,544,227,164,114,30,52,0,71,0,41,0,39,734,416,416,208,186,25,0,0,0,0,0,50,35
42101017701,1015,377,113,94,137,24,78,52,22,0,18,0,9,638,223,223,207,151,65,0,24,0,21,0,28,70
42101017702,1670,649,362,250,115,70,46,10,51,0,45,0,30,1021,652,640,139,124,38,0,0,0,53,0,22,117
42101017800,2110,871,361,239,195,60,217,26,77,0,21,0,0,1239,567,541,271,179,58,9,0,0,120,0,31,192
42101017900,2158,1051,375,272,217,55,87,0,163,36,123,0,86,1107,375,375,326,258,269,239,96,0,22,0,0,19
42101018001,1042,681,118,108,127,76,108,24,97,22,231,0,0,361,172,172,89,34,22,0,31,31,16,0,0,31
42101018002,2282,1621,268,167,243,60,259,70,352,55,476,0,23,661,206,206,199,199,111,71,32,0,55,0,8,50
42101018300,1579,1259,196,136,224,93,114,36,288,7,384,0,53,320,32,32,55,42,23,23,53,0,30,0,53,74
42101018400,876,699,61,44,102,27,147,50,155,7,234,6,0,177,82,75,51,43,20,0,0,0,24,0,0,0
42101018800,2446,1330,458,369,246,65,260,0,290,0,76,0,0,1116,612,598,196,196,175,41,0,0,18,0,54,61
42101019000,2484,1243,162,116,313,215,306,100,268,46,142,0,52,1241,500,471,310,246,259,72,87,35,0,0,19,66
42101019100,2779,1855,417,375,408,295,274,77,317,14,357,0,82,924,362,362,220,220,133,107,44,0,58,0,54,53
42101019200,2393,880,248,201,169,64,74,0,228,11,135,0,26,1513,655,655,419,386,128,14,154,0,25,0,132,0
42101019501,1678,464,271,174,55,6,58,0,61,0,19,0,0,1214,897,806,102,90,61,38,83,0,44,9,4,23
42101019502,1096,408,228,206,42,16,118,0,11,0,9,0,0,688,329,329,127,64,85,20,34,0,0,0,0,113
42101019700,2184,1046,429,294,359,149,95,0,74,0,45,0,44,1138,631,631,187,187,101,19,76,0,33,0,39,71
42101019800,2101,991,353,211,374,96,88,0,92,11,56,0,28,1110,466,466,266,191,112,25,44,0,69,0,28,125
42101019900,1413,749,326,156,101,45,150,26,79,0,87,0,6,664,300,300,193,180,5,0,25,0,41,0,0,100
42101020000,495,156,46,9,31,26,2,0,32,32,33,0,12,339,109,109,111,40,35,17,32,0,13,0,36,3
42101020101,1510,586,168,141,126,62,113,47,57,11,101,0,21,924,485,415,133,88,141,0,85,0,14,0,45,21
42101020102,1263,571,135,102,231,101,66,18,83,0,56,0,0,692,176,176,165,139,29,0,108,0,100,0,0,114
42101020200,2069,776,197,113,232,61,105,0,102,0,94,0,46,1293,573,428,247,84,185,135,39,0,46,0,17,186
42101020300,994,410,166,122,88,27,52,11,68,0,17,0,19,584,275,227,85,65,40,0,28,0,53,0,0,103
42101020400,1118,540,219,188,158,107,66,8,46,0,28,0,23,578,187,187,181,117,67,0,92,0,0,0,0,51
42101020500,1192,603,153,99,198,83,76,36,84,0,92,0,0,589,325,286,126,116,14,0,40,0,22,0,26,36
42101020600,801,206,5,5,7,7,4,4,24,4,166,20,0,595,168,168,139,124,33,18,87,0,70,0,98,0
42101020700,2364,1431,116,96,114,41,278,148,262,40,661,0,0,933,180,116,236,236,133,19,142,0,206,0,0,36
42101020800,1089,308,23,23,34,15,50,19,41,0,160,0,0,781,179,179,124,109,77,14,189,42,73,10,116,23
42101020900,1154,589,74,44,45,10,27,27,110,53,333,11,0,565,28,28,131,102,151,26,118,16,96,0,9,32
42101021000,2119,1362,179,179,142,91,162,36,145,36,721,0,13,757,72,59,156,156,72,23,148,0,209,0,10,90
42101021100,1051,601,37,37,26,11,88,30,135,23,308,0,7,450,139,139,21,21,50,10,100,20,140,0,0,0
42101021200,1038,683,57,49,67,32,38,5,157,59,364,8,0,355,43,43,79,51,23,6,102,0,52,0,17,39
42101021300,1320,855,50,42,101,54,94,49,205,66,382,40,23,465,70,70,83,83,22,0,124,24,146,0,0,20
42101021400,1467,636,69,39,75,55,29,15,111,21,344,5,8,831,80,80,97,97,172,154,150,43,264,8,41,27
42101021500,1569,913,92,59,105,75,110,85,217,67,389,23,0,656,86,75,13,13,55,44,223,89,261,46,0,18
42101021600,925,410,32,32,41,14,37,20,49,30,251,22,0,515,128,128,79,79,60,27,95,31,141,0,0,12
42101021700,2447,1912,234,207,193,137,317,139,270,148,867,94,31,535,16,16,48,48,80,67,267,73,93,0,0,31
42101021800,2062,566,70,28,124,107,73,15,103,82,196,14,0,1496,262,262,147,147,241,202,419,93,324,0,103,0
42101021900,718,534,28,28,29,16,31,3,80,2,361,12,5,184,41,41,11,11,19,13,22,4,87,0,0,4
42101022000,689,385,15,7,25,18,9,0,60,25,276,19,0,304,59,59,63,63,45,26,19,12,100,0,0,18
42101023100,529,284,7,7,11,0,19,0,28,24,219,32,0,245,0,0,12,12,8,8,62,0,131,0,0,32
42101023500,548,332,17,17,17,0,5,5,43,16,250,0,0,216,8,8,48,48,68,12,20,0,59,0,4,9
42101023600,1186,778,53,53,23,23,85,57,104,36,513,70,0,408,116,85,77,77,20,0,141,25,54,0,0,0
42101023700,2231,945,70,38,77,16,104,49,87,29,607,82,0,1286,291,147,277,241,74,31,276,0,205,0,42,121
42101023800,1870,751,127,115,122,72,43,16,102,59,357,0,0,1119,337,327,353,275,210,0,90,19,94,0,20,15
42101023900,924,135,9,9,47,36,14,5,12,0,53,16,0,789,306,202,285,158,124,61,29,0,5,0,21,19
42101024000,1555,467,112,101,20,20,27,14,99,8,209,0,0,1088,261,251,288,233,96,46,224,9,130,0,77,12
42101024100,639,79,13,13,15,15,21,5,9,0,21,0,0,560,314,207,104,25,43,11,18,0,37,0,19,25
42101024200,1554,658,144,144,117,34,56,26,135,30,206,12,0,896,432,335,185,176,111,0,88,31,23,0,36,21
42101024300,1638,630,88,74,122,71,41,11,152,21,227,0,0,1008,437,437,182,146,44,6,176,11,25,0,87,57
42101024400,1037,570,155,142,145,55,109,9,122,27,39,0,0,467,174,174,62,11,74,0,91,0,34,0,0,32
42101024500,1421,653,137,83,135,44,110,43,104,0,124,0,43,768,341,255,120,92,128,44,62,0,15,0,41,61
42101024600,1040,329,83,74,48,40,51,12,28,0,119,29,0,711,342,242,130,77,113,20,45,0,48,0,10,23
42101024700,1530,694,211,174,161,102,96,30,112,11,81,0,33,836,374,353,250,156,18,0,36,0,65,0,0,93
42101024800,735,521,103,97,87,43,148,48,101,19,71,0,11,214,90,90,22,11,51,0,30,15,1,0,5,15
42101024900,965,615,176,123,109,44,137,27,151,35,42,0,0,350,100,100,59,15,0,0,91,0,0,0,29,71
42101025200,2625,1219,169,132,237,152,197,46,222,24,289,0,105,1406,574,506,443,255,89,36,120,10,35,0,42,103
42101025300,1538,883,283,226,108,38,113,58,137,14,242,0,0,655,190,190,175,175,61,10,121,26,35,0,35,38
42101025400,1939,1229,117,95,83,49,206,97,257,42,550,69,16,710,284,251,137,111,142,94,92,40,33,0,13,9
42101025500,1121,834,160,160,85,43,49,10,185,88,338,42,17,287,65,65,63,51,12,12,69,11,74,51,0,4
42101025600,1139,747,65,65,28,28,27,7,132,76,495,41,0,392,68,68,71,71,84,64,97,47,72,0,0,0
42101025700,1789,429,17,17,40,21,20,20,60,41,292,24,0,1360,200,200,161,161,343,240,288,75,286,42,20,62
42101025800,705,477,25,21,68,41,61,15,161,55,162,10,0,228,76,76,68,68,20,20,30,0,24,0,6,4
42101025900,1968,1457,191,152,252,191,403,131,307,83,286,0,18,511,173,173,186,186,53,0,33,0,40,0,14,12
42101026000,1200,922,65,59,108,22,100,40,256,73,368,0,25,278,86,86,14,14,60,40,55,0,0,0,26,37
42101026100,1375,1069,114,98,158,104,174,119,225,84,364,0,34,306,68,68,59,59,85,24,33,0,52,0,0,9
42101026200,1801,1457,123,116,204,116,287,116,500,91,343,6,0,344,105,105,63,63,56,56,7,0,68,0,0,45
42101026301,1644,1209,189,167,205,113,220,159,319,41,232,22,44,435,135,135,92,61,48,15,58,19,72,0,9,21
42101026302,1897,1567,367,367,381,229,139,58,296,35,384,27,0,330,88,70,20,20,105,0,0,0,49,0,0,68
42101026400,2045,1616,316,297,332,180,228,111,321,76,369,20,50,429,172,172,94,80,0,0,83,0,58,0,0,22
42101026500,1634,1218,275,207,194,101,264,143,220,22,242,0,23,416,155,125,111,111,65,65,34,0,40,0,0,11
42101026600,2288,1785,381,298,188,120,404,197,292,75,485,44,35,503,253,203,85,68,7,7,50,15,33,0,0,75
42101026700,2527,1806,453,325,255,108,346,75,328,0,424,0,0,721,298,298,229,184,21,21,28,0,0,0,0,145
42101026800,1939,684,78,78,72,27,89,73,129,30,316,39,0,1255,524,510,274,263,236,76,102,0,79,0,24,16
42101026900,674,436,47,47,31,31,33,18,75,24,250,32,0,238,128,115,18,18,36,11,21,9,12,0,10,13
42101027000,878,519,46,42,63,40,15,6,102,27,293,56,0,359,95,95,111,79,49,0,28,0,47,0,23,6
42101027100,937,701,115,77,90,46,154,79,155,60,187,0,0,236,69,69,52,48,0,0,50,0,17,0,26,22
42101027200,1908,1078,212,206,150,130,124,32,287,10,305,0,0,830,239,227,134,134,128,89,194,0,89,0,0,46
42101027300,2131,1357,139,85,187,64,109,72,318,46,604,15,0,774,340,340,136,113,178,71,93,1,27,0,0,0
42101027401,1134,747,203,203,162,59,107,8,115,0,160,0,0,387,204,204,84,84,82,0,9,0,0,0,8,0
42101027402,2181,1547,403,375,180,158,296,113,445,0,223,0,0,634,86,86,287,244,92,0,15,0,83,0,59,12
42101027500,1634,1098,179,158,210,146,149,32,231,49,320,9,9,536,237,237,133,100,51,26,30,0,45,0,0,40
42101027600,1477,709,128,128,122,78,78,39,155,7,169,13,57,768,403,375,150,138,28,1,98,19,89,0,0,0
42101027700,2043,980,197,134,130,102,193,64,211,51,167,9,82,1063,568,324,260,196,65,41,107,0,41,0,13,9
42101027800,1974,901,140,103,199,152,68,0,220,31,263,0,11,1073,510,415,231,131,77,8,151,0,77,0,19,8
42101027901,1375,907,227,189,155,74,317,134,70,0,138,0,0,468,271,173,68,68,25,9,32,11,25,0,0,47
42101027902,942,439,127,116,100,16,101,21,52,0,59,0,0,503,212,196,163,133,70,55,39,24,7,0,12,0
42101028000,1653,845,275,259,260,147,157,39,78,18,75,0,0,808,403,324,172,136,104,33,38,4,69,0,16,6
42101028100,1306,928,157,80,204,66,229,79,143,0,186,0,9,378,163,139,69,49,85,40,25,0,0,0,26,10
42101028200,1996,945,209,123,200,135,158,58,152,0,210,0,16,1051,410,372,287,144,153,126,114,0,34,0,50,3
42101028300,2262,804,168,131,160,53,139,18,175,20,162,12,0,1458,817,765,177,120,178,21,116,0,35,0,14,121
42101028400,1271,786,174,135,176,107,136,57,177,0,105,0,18,485,343,323,76,69,18,0,18,0,19,0,0,11
42101028500,876,338,68,68,93,14,30,17,82,17,65,0,0,538,261,216,138,99,59,20,48,25,32,0,0,0
42101028600,2212,993,121,77,199,143,256,114,293,0,124,0,0,1219,478,478,304,304,149,58,54,18,34,0,110,90
42101028700,818,367,84,84,98,68,52,20,43,0,90,0,0,451,230,224,43,30,17,0,47,0,47,0,47,20
42101028800,1216,536,110,79,142,69,68,22,40,0,146,0,30,680,221,221,91,91,191,124,82,0,52,0,37,6
42101028901,1206,759,172,162,147,142,153,85,124,0,157,0,6,447,190,190,139,139,40,24,63,0,15,0,0,0
42101028902,1869,1020,237,223,214,97,202,106,201,0,156,0,10,849,211,211,198,198,106,95,104,0,131,0,0,99
42101029000,2015,1101,258,246,236,168,187,59,242,14,178,0,0,914,272,272,166,138,205,34,164,0,71,0,0,36
42101029100,1361,442,62,49,143,52,90,26,49,0,89,0,9,919,314,265,222,152,113,40,89,0,26,0,108,47
42101029200,1229,883,122,122,180,72,223,123,145,37,213,10,0,346,58,58,96,80,42,42,72,0,33,0,0,45
42101029300,985,529,186,151,136,85,84,20,51,0,65,0,7,456,188,154,73,42,44,12,32,0,47,0,72,0
42101029400,1056,519,248,180,143,16,34,0,32,0,51,0,11,537,257,257,213,123,0,0,0,0,0,0,45,22
42101029800,1739,958,162,124,263,179,98,31,221,11,214,0,0,781,377,377,197,168,97,23,47,0,43,0,20,0
42101029900,1578,663,226,117,89,41,47,9,135,0,85,0,81,915,487,409,162,115,96,7,69,0,43,0,38,20
42101030000,2549,1106,200,147,328,129,105,37,274,0,151,0,48,1443,661,533,257,207,228,46,125,23,89,0,43,40
42101030100,1897,843,80,70,171,95,152,111,182,57,258,6,0,1054,290,253,300,265,193,63,108,0,78,0,78,7
42101030200,2328,1408,135,104,393,257,310,78,183,12,387,21,0,920,318,288,248,208,112,55,89,34,86,0,54,13
42101030501,1877,1066,285,254,155,111,156,33,245,14,212,0,13,811,231,231,195,184,140,52,142,0,25,0,78,0
42101030502,2055,1358,306,216,175,108,214,132,244,53,397,0,22,697,323,323,103,103,75,27,114,0,46,0,21,15
42101030600,2752,1318,108,79,203,172,144,50,318,100,458,57,87,1434,463,463,421,403,327,51,109,0,83,0,0,31
42101030700,1491,523,45,38,84,66,69,19,98,55,221,0,6,968,343,333,130,130,175,76,245,0,43,0,31,1
42101030800,1652,1175,118,104,220,131,198,120,271,118,350,8,18,477,95,95,78,18,64,41,173,16,47,0,12,8
42101030900,1329,690,169,160,86,37,100,63,208,36,115,0,12,639,159,159,178,145,143,36,60,0,56,0,0,43
42101031000,2188,1465,184,184,227,147,231,124,312,114,502,55,9,723,165,131,104,104,9,0,223,30,119,0,43,60
42101031101,1640,719,118,118,110,61,144,79,166,9,181,0,0,921,113,112,449,440,143,83,36,0,85,0,66,29
42101031102,1520,1110,181,164,158,127,346,226,305,0,113,0,7,410,129,129,128,95,121,39,11,0,7,0,0,14
42101031200,1576,927,280,280,112,82,104,51,182,14,221,0,28,649,319,294,141,141,95,49,25,0,35,0,27,7
42101031300,2030,897,184,148,101,30,107,28,147,9,326,0,32,1133,318,318,306,293,176,115,134,0,90,0,62,47
42101031401,2124,1149,97,97,281,166,213,94,213,0,325,28,20,975,215,215,263,263,169,74,87,0,184,0,38,19
42101031402,1824,1030,167,127,291,160,197,41,238,6,124,0,13,794,211,211,151,125,107,96,188,62,40,0,24,73
42101031501,2082,1492,220,170,256,123,167,34,360,87,412,0,77,590,213,213,68,53,134,22,31,0,76,0,0,68
42101031502,1382,891,117,108,104,35,157,35,219,55,294,0,0,491,143,143,167,104,65,24,57,0,51,0,0,8
42101031600,2130,1426,131,94,484,333,222,108,200,23,389,0,0,704,139,139,254,234,70,60,103,0,35,0,11,92
42101031700,2227,1303,138,103,221,175,241,128,379,60,314,0,10,924,151,151,302,302,76,0,178,33,153,0,0,64
42101031800,1479,864,175,131,263,167,67,8,176,7,183,4,0,615,144,144,189,170,158,68,109,0,7,0,8,0
42101031900,1565,895,146,103,129,28,104,66,299,10,194,0,23,670,201,192,143,114,129,17,84,0,54,0,44,15
42101032000,2435,1886,341,341,326,183,340,115,479,21,384,0,16,549,182,167,130,130,140,74,31,0,52,0,14,0
42101032100,1382,744,149,75,139,37,157,54,124,42,175,0,0,638,248,248,129,102,95,47,70,0,75,0,21,0
42101032300,1350,699,86,86,155,101,163,43,158,32,131,0,6,651,208,176,170,160,114,65,111,15,0,0,48,0
42101032500,2125,1195,292,255,288,208,189,77,193,0,233,8,0,930,310,310,268,114,234,52,40,7,17,0,38,23
42101032600,2305,1696,227,164,231,110,228,85,360,82,530,0,120,609,188,188,85,85,29,0,98,0,67,0,73,69
42101032900,1484,723,38,20,98,49,173,78,161,26,239,5,14,761,347,321,109,109,88,63,136,0,24,0,28,29
42101033000,2649,1733,366,271,354,234,266,81,286,16,461,0,0,916,227,227,183,113,278,78,77,0,107,0,0,44
42101033101,1748,1407,67,67,196,80,167,94,404,28,551,23,22,341,63,50,58,58,90,0,53,0,59,0,0,18
42101033102,1620,1042,137,109,127,62,169,44,277,9,332,0,0,578,211,194,166,144,53,7,42,0,81,0,0,25
42101033200,899,693,58,46,55,17,105,47,161,74,309,4,5,206,71,71,40,30,25,19,12,0,52,0,0,6
42101033300,1774,1016,102,102,175,19,137,53,198,49,392,11,12,758,311,272,191,183,67,24,101,0,30,0,43,15
42101033400,1897,1060,142,107,227,135,136,68,263,75,292,25,0,837,197,176,107,53,109,22,169,23,132,0,89,34
42101033500,1343,812,122,83,143,87,50,16,177,51,310,0,10,531,178,178,62,62,0,0,159,12,92,0,0,40
42101033600,2758,1366,105,93,134,54,208,109,265,133,654,65,0,1392,288,255,215,177,379,75,121,0,253,0,112,24
42101033701,2030,786,113,91,150,88,94,54,287,63,142,0,0,1244,560,358,265,265,196,135,14,0,135,0,23,51
42101033702,1924,1455,113,105,103,26,194,73,171,66,865,46,9,469,155,155,64,47,40,0,64,0,115,0,14,17
42101033800,2336,1459,223,223,126,30,282,216,246,125,566,80,16,877,129,111,332,287,192,38,125,55,41,0,10,48
42101033900,1198,741,80,80,125,57,109,46,91,56,329,26,7,457,117,96,69,60,159,21,102,7,10,0,0,0
42101034000,1024,882,66,46,97,81,186,92,167,51,366,24,0,142,45,45,10,10,6,6,53,0,28,0,0,0
42101034100,2318,1466,130,111,164,17,137,97,403,177,632,10,0,852,253,232,229,229,98,21,167,0,105,0,0,0
42101034200,1515,755,48,48,85,52,137,84,94,34,385,21,6,760,181,181,126,126,211,126,153,32,60,0,0,29
42101034400,2623,2263,150,133,347,190,207,54,266,119,1293,141,0,360,84,84,44,33,58,16,16,0,50,0,0,108
42101034501,1855,268,20,17,65,19,60,9,96,0,27,0,0,1587,612,462,314,291,285,50,158,0,142,0,51,25
42101034502,2256,967,165,165,234,125,138,58,113,19,317,0,0,1289,205,179,309,239,425,288,223,20,106,0,21,0
42101034600,1224,333,66,56,14,14,22,12,80,9,151,26,0,891,280,252,242,225,154,42,139,11,76,0,0,0
42101034701,2367,1790,221,221,185,76,188,124,375,80,812,0,9,577,84,84,148,148,127,13,68,0,25,0,97,28
42101034702,1437,1241,122,122,131,10,112,44,293,111,583,43,0,196,32,32,12,12,21,0,119,22,12,0,0,0
42101034801,1847,886,113,105,209,127,165,56,171,26,228,20,0,961,222,214,150,59,202,45,178,0,174,0,0,35
42101034802,2124,965,144,130,110,10,99,45,182,48,414,0,16,1159,417,377,220,220,141,48,84,0,88,0,46,163
42101034803,1639,1163,99,87,257,120,82,20,235,55,490,12,0,476,59,59,41,41,136,51,83,9,103,0,21,33
42101034900,2030,1160,204,204,154,124,190,64,273,74,339,0,0,870,327,315,159,130,213,104,60,0,91,0,9,11
42101035100,2095,1332,165,153,245,144,207,42,294,0,406,17,15,763,86,86,120,120,136,123,219,0,172,0,0,30
42101035200,1578,1242,132,117,133,47,124,65,171,45,665,35,17,336,60,60,93,73,49,34,67,0,62,0,0,5
42101035301,1996,1557,151,125,134,31,139,73,319,117,782,18,32,439,38,38,28,28,126,34,126,8,50,0,0,71
42101035302,1879,1059,135,118,115,53,136,40,202,60,447,16,24,820,204,204,152,152,52,24,190,0,153,0,45,24
42101035500,2950,1881,218,162,252,135,222,99,316,176,828,26,45,1069,330,258,119,106,146,12,189,0,115,0,124,46
42101035601,2453,1717,247,247,232,73,200,111,300,53,725,43,13,736,195,181,142,128,151,130,102,0,16,0,93,37
42101035602,1203,954,88,79,168,99,51,5,129,41,509,36,9,249,22,22,38,38,48,7,25,0,91,0,25,0
42101035701,1880,548,54,54,104,57,55,41,206,30,129,18,0,1332,483,447,291,265,185,28,204,0,132,0,30,7
42101035702,1644,558,69,56,106,26,85,25,96,27,202,23,0,1086,332,323,268,216,219,147,130,0,97,0,0,40
42101035800,2246,1805,180,180,265,183,324,149,172,59,831,88,33,441,132,121,30,30,76,13,32,0,137,0,34,0
42101035900,2127,1359,76,64,114,57,222,83,243,97,704,60,0,768,492,321,79,51,42,0,93,12,49,0,0,13
42101036000,1124,709,45,38,50,43,62,17,218,45,334,40,0,415,221,153,90,33,29,12,31,0,36,0,0,8
42101036100,1370,993,52,52,123,30,191,94,214,81,413,15,0,377,27,27,33,33,73,16,95,28,87,0,62,0
42101036201,1928,1322,82,49,126,64,174,31,436,86,492,0,12,606,60,60,110,110,211,151,164,41,49,0,0,12
42101036202,2285,1877,38,38,325,265,330,145,302,128,867,29,15,408,77,58,15,15,196,96,45,0,20,0,55,0
42101036203,1843,1625,157,149,219,102,160,72,353,119,730,36,6,218,11,11,84,84,38,38,4,0,0,0,24,57
42101036301,1298,1027,39,39,124,83,168,70,295,120,384,13,17,271,68,68,29,29,35,8,60,24,45,0,0,34
42101036302,1159,877,79,71,155,77,149,73,151,41,343,0,0,282,43,43,128,120,57,50,36,0,18,0,0,0
42101036303,2336,2121,182,155,187,74,390,224,575,114,787,41,0,215,21,21,45,45,128,94,21,0,0,0,0,0
42101036400,117,117,4,4,16,6,18,5,17,8,57,0,5,0,0,0,0,0,0,0,0,0,0,0,0,0
42101036501,2253,1126,159,142,127,99,81,26,140,81,619,61,0,1127,357,357,303,256,161,66,75,15,200,0,0,31
42101036502,1396,1239,99,99,158,100,86,34,239,93,638,56,19,157,10,10,27,17,7,0,14,0,80,0,0,19
42101036600,919,571,0,0,44,17,7,0,102,57,411,26,7,348,8,8,8,8,54,54,69,62,200,7,0,9
42101036700,1343,681,60,53,58,41,45,39,83,28,435,43,0,662,22,14,66,66,73,44,187,89,312,16,0,2
42101036900,500,5,5,0,0,0,0,0,0,0,0,0,0,495,53,53,37,37,16,16,90,75,196,41,98,5
42101037200,1687,1362,206,129,240,94,134,8,357,52,425,25,0,325,59,59,17,17,48,0,44,9,46,0,21,90
42101037300,2287,1414,39,39,191,118,223,103,224,97,737,47,0,873,141,141,132,132,182,118,122,32,220,0,0,76
42101037500,1494,726,48,43,49,42,24,17,148,66,454,97,3,768,124,102,79,79,85,60,89,53,254,0,135,2
42101037600,1109,271,9,9,36,9,51,0,52,20,123,19,0,838,252,171,120,60,39,23,173,83,163,15,57,34
42101037700,1051,296,29,12,31,0,98,0,16,0,111,0,11,755,385,288,82,37,70,12,88,7,58,0,23,49
42101037800,962,633,116,88,56,13,135,80,93,30,182,0,51,329,125,125,26,21,7,0,95,21,57,0,0,19
42101037900,1974,1422,211,128,299,146,211,52,220,3,481,0,0,552,238,202,84,84,0,0,77,0,78,0,0,75
42101038000,806,522,86,59,52,39,81,46,143,16,156,0,4,284,113,102,36,36,29,10,63,0,37,0,0,6
42101038100,314,146,59,59,38,15,16,5,12,0,21,0,0,168,52,52,31,21,15,4,35,0,0,0,20,15
42101038200,911,557,223,144,50,9,63,12,106,0,86,0,29,354,132,127,112,106,73,39,10,0,16,0,11,0
42101038300,974,514,183,155,107,51,73,13,100,0,38,0,13,460,173,173,101,68,36,23,44,0,0,0,68,38
42101038400,957,774,73,58,38,23,67,19,102,35,489,52,5,183,42,42,28,28,33,33,48,0,26,0,6,0
42101038500,847,512,26,26,25,15,12,0,48,24,396,43,5,335,70,66,88,78,22,22,45,31,102,0,8,0
42101038600,596,415,0,0,5,5,27,27,51,27,320,23,12,181,34,34,62,62,15,10,15,6,49,13,0,6
42101038700,677,565,42,42,31,31,44,28,59,21,389,13,0,112,4,4,7,7,14,14,12,0,61,0,0,14
42101038800,1789,1252,52,52,87,69,130,86,204,71,779,33,0,537,205,205,76,66,90,48,67,3,78,11,14,7
42101038900,1239,717,66,58,179,86,82,36,134,25,240,15,16,522,201,176,96,50,97,9,83,10,26,0,0,19
42101039000,2573,1432,269,269,313,239,177,128,361,33,261,0,51,1141,554,488,177,100,91,17,164,0,64,0,43,48
42101980000,76,37,4,4,4,4,0,0,0,0,29,5,0,39,4,4,0,0,0,0,31,4,4,0,0,0
42101980100,39,30,0,0,0,0,3,0,14,0,13,0,0,9,0,0,0,0,0,0,4,0,5,0,0,0
42101980200,37,37,0,0,7,4,3,3,3,0,24,3,0,0,0,0,0,0,0,0,0,0,0,0,0,0
42101980300,0,0,0,0,0,0,0,0,0,0,0,0,0,0,0,0,0,0,0,0,0,0,0,0,0,0
42101980400,0,0,0,0,0,0,0,0,0,0,0,0,0,0,0,0,0,0,0,0,0,0,0,0,0,0
42101980500,0,0,0,0,0,0,0,0,0,0,0,0,0,0,0,0,0,0,0,0,0,0,0,0,0,0
42101980600,0,0,0,0,0,0,0,0,0,0,0,0,0,0,0,0,0,0,0,0,0,0,0,0,0,0
42101980700,0,0,0,0,0,0,0,0,0,0,0,0,0,0,0,0,0,0,0,0,0,0,0,0,0,0
42101980800,0,0,0,0,0,0,0,0,0,0,0,0,0,0,0,0,0,0,0,0,0,0,0,0,0,0
42101980900,5,0,0,0,0,0,0,0,0,0,0,0,0,5,0,0,0,0,5,0,0,0,0,0,0,0
42101989100,0,0,0,0,0,0,0,0,0,0,0,0,0,0,0,0,0,0,0,0,0,0,0,0,0,0
